<?xml version="1.0" encoding="UTF-8"?>
<beans xmlns="http://www.springframework.org/schema/beans"
      xmlns:xsi="http://www.w3.org/2001/XMLSchema-instance"
      xmlns:context="http://www.springframework.org/schema/context"
      xsi:schemaLocation="http://www.springframework.org/schema/beans 
      http://www.springframework.org/schema/beans/spring-beans-4.3.xsd
            http://www.springframework.org/schema/context 
            http://www.springframework.org/schema/context/spring-context-4.3.xsd">
            
       <bean id="emp" class="com.cg.lab03.Employee">     
        
     <property name="employeeId" value="12345"/> 
   <property name="employeeName" value="harrit"/>
    <property name="salary" value="40000"/> 
      <property name="businessunit" ref="add"/> 
       <property name="emplist" > 
       <list>
         <value>empAge=30 </value>
       <value>empId=123456</value>
       </list>
       </property>
  </bean>
  <bean id="add" class="com.cg.lab03.SBU">
      <property name="subCode" value="PES-BU"/>
      <property name="subName" value="Product Engineering Services"/>
      <property name="subHead" value="Kiran Rao"/>
  </bean>
</beans>